File,compound_names,mz,rt,into,Group,Sample
C_1_10D.mzML,A,90.1,675.37416,101395574.9,C,10D
C_1_10D.mzML,R,175.1,676.97874,35283660.56,C,10D
C_1_10D.mzML,D,134,951.5433,72627364.05,C,10D
C_1_10D.mzML,Cystine,241,706.66242,8282.426055,C,10D
C_1_10D.mzML,E,148.1,849.55548,497690693.2,C,10D
C_1_10D.mzML,G,76,760.14666,71573552.65,C,10D
C_1_10D.mzML,H,156.1,660.93348,200686661.5,C,10D
C_1_10D.mzML,I/L,132.1,822.18822,51540457.35,C,10D
C_1_10D.mzML,K,147.1,822.18822,3190615096,C,10D
C_1_10D.mzML,M,150.1,848.7531,21001132.03,C,10D
C_1_10D.mzML,F,166.1,852.78696,28612479.33,C,10D
C_1_10D.mzML,P,116.1,665.21226,119132684.8,C,10D
C_1_10D.mzML,S,106.0524992,880.6767,327403082.1,C,10D
C_1_10D.mzML,T,120.1,763.62306,190498240.1,C,10D
C_1_10D.mzML,Y,182.1,700.77912,35797037.2,C,10D
C_1_10D.mzML,V,118.1,819.78144,1349238441,C,10D
C_1_20D.mzML,A,90.1,673.72818,62256182.5,C,20D
C_1_20D.mzML,R,175.1,759.62346,95354572.39,C,20D
C_1_20D.mzML,D,134,956.02806,31303241.86,C,20D
C_1_20D.mzML,Cystine,241,936.23892,1996.491023,C,20D
C_1_20D.mzML,E,148.1,825.40896,203988801.6,C,20D
C_1_20D.mzML,G,76,765.5067,37733770.3,C,20D
C_1_20D.mzML,H,156.1,680.41368,218170874.7,C,20D
C_1_20D.mzML,I/L,132.1,824.07186,44068693.21,C,20D
C_1_20D.mzML,K,147.1,824.60658,1809184134,C,20D
C_1_20D.mzML,M,150.1,666.24036,24126317.45,C,20D
C_1_20D.mzML,F,166.1,674.26302,31215255.47,C,20D
C_1_20D.mzML,P,116.1,670.25166,121866628.9,C,20D
C_1_20D.mzML,S,106.0525943,880.34802,119686997.4,C,20D
C_1_20D.mzML,T,120.1,768.71568,117233379.2,C,20D
C_1_20D.mzML,Y,182.1,704.74902,38241658,C,20D
C_1_20D.mzML,V,118.1,669.4494,1330271378,C,20D
C_2_10D.mzML,A,90.1,675.3984,105247790.5,C,10D
C_2_10D.mzML,R,175.1,677.53776,32459128.82,C,10D
C_2_10D.mzML,D,134,957.4026,56813945.93,C,10D
C_2_10D.mzML,Cystine,241,740.1141,17723.73305,C,10D
C_2_10D.mzML,E,148.1,849.04332,434298904.2,C,10D
C_2_10D.mzML,G,76,759.9033,49432701.76,C,10D
C_2_10D.mzML,H,156.1,730.7544,202008827.5,C,10D
C_2_10D.mzML,I/L,132.1,820.3404,48938740.88,C,10D
C_2_10D.mzML,K,147.1,821.69442,2190599064,C,10D
C_2_10D.mzML,M,150.1,848.77596,21259662.89,C,10D
C_2_10D.mzML,F,166.1,666.57348,28298238.61,C,10D
C_2_10D.mzML,P,116.1,669.78246,119127913.5,C,10D
C_2_10D.mzML,S,106.0523942,879.58308,260363495.4,C,10D
C_2_10D.mzML,T,120.1,763.91466,156055647.9,C,10D
C_2_10D.mzML,Y,182.1,701.87298,34951076.77,C,10D
C_2_10D.mzML,V,118.1,664.96902,1382858357,C,10D
C_2_20D.mzML,A,90.1,675.06612,94631934.58,C,20D
C_2_20D.mzML,R,175.1,678.00774,130722185.2,C,20D
C_2_20D.mzML,D,134,952.62342,58785996.85,C,20D
C_2_20D.mzML,Cystine,241,668.08854,11685.9377,C,20D
C_2_20D.mzML,E,148.1,824.35032,370667122,C,20D
C_2_20D.mzML,G,76,762.80496,49801840.98,C,20D
C_2_20D.mzML,H,156.1,724.83114,210025561.3,C,20D
C_2_20D.mzML,I/L,132.1,825.15258,51176157.74,C,20D
C_2_20D.mzML,K,147.1,824.35032,3653940345,C,20D
C_2_20D.mzML,M,150.1,826.7571,22263580.45,C,20D
C_2_20D.mzML,F,166.1,667.55364,29765326.13,C,20D
C_2_20D.mzML,P,116.1,674.26392,119328618.7,C,20D
C_2_20D.mzML,S,106.0529075,880.89372,193430604.6,C,20D
C_2_20D.mzML,T,120.1,767.61846,128389050.6,C,20D
C_2_20D.mzML,Y,182.1,704.2398,39380676.65,C,20D
C_2_20D.mzML,V,118.1,824.35032,1273917555,C,20D
C_3_10D.mzML,A,90.1,675.7143,119992198.4,C,10D
C_3_10D.mzML,R,175.1,677.31882,45999913.92,C,10D
C_3_10D.mzML,D,134,954.29244,102919334.7,C,10D
C_3_10D.mzML,Cystine,241,663.94782,15291.81959,C,10D
C_3_10D.mzML,E,148.1,849.09642,593745561.1,C,10D
C_3_10D.mzML,G,76,759.14964,74758010.82,C,10D
C_3_10D.mzML,H,156.1,731.60538,201992398,C,10D
C_3_10D.mzML,I/L,132.1,822.52842,50544283.54,C,10D
C_3_10D.mzML,K,147.1,821.72616,3257386046,C,10D
C_3_10D.mzML,M,150.1,848.56164,22130759.07,C,10D
C_3_10D.mzML,F,166.1,852.3279,29271369.3,C,10D
C_3_10D.mzML,P,116.1,662.87808,118240481.5,C,10D
C_3_10D.mzML,S,106.0532655,879.94938,351514843.3,C,10D
C_3_10D.mzML,T,120.1,761.82384,151685317.8,C,10D
C_3_10D.mzML,Y,182.1,700.58448,38149797.99,C,10D
C_3_10D.mzML,V,118.1,667.6917,1259758337,C,10D
C_3_20D.mzML,A,90.1,674.781,87296406.68,C,20D
C_3_20D.mzML,R,175.1,677.45508,118706436.4,C,20D
C_3_20D.mzML,D,134,955.185,40243558.51,C,20D
C_3_20D.mzML,Cystine,241,811.75314,22881.54741,C,20D
C_3_20D.mzML,E,148.1,825.9264,305409928.5,C,20D
C_3_20D.mzML,G,76,764.68704,46444559.81,C,20D
C_3_20D.mzML,H,156.1,726.6606,216705892.7,C,20D
C_3_20D.mzML,I/L,132.1,824.32188,48072793.16,C,20D
C_3_20D.mzML,K,147.1,825.12414,2973208793,C,20D
C_3_20D.mzML,M,150.1,822.71742,23597856.44,C,20D
C_3_20D.mzML,F,166.1,667.29318,31176222.48,C,20D
C_3_20D.mzML,P,116.1,670.23486,120907583.7,C,20D
C_3_20D.mzML,S,106.0529251,880.3071,165884915.1,C,20D
C_3_20D.mzML,T,120.1,768.1635,126152180.1,C,20D
C_3_20D.mzML,Y,182.1,704.46462,39477630.96,C,20D
C_3_20D.mzML,V,118.1,667.5606,1320585626,C,20D
C_4_10D.mzML,A,90.1,675.54132,90084245.94,C,10D
C_4_10D.mzML,R,175.1,678.21558,31604820.69,C,10D
C_4_10D.mzML,D,134,954.62334,73935746.81,C,10D
C_4_10D.mzML,Cystine,241,826.7217,26749.18369,C,10D
C_4_10D.mzML,E,148.1,848.72466,412255646.7,C,10D
C_4_10D.mzML,G,76,759.02928,46219463.46,C,10D
C_4_10D.mzML,H,156.1,728.75814,209410347.8,C,10D
C_4_10D.mzML,I/L,132.1,820.82016,46173958.69,C,10D
C_4_10D.mzML,K,147.1,822.69216,2511175017,C,10D
C_4_10D.mzML,M,150.1,847.65504,22956202.19,C,10D
C_4_10D.mzML,F,166.1,661.36806,30841049.36,C,10D
C_4_10D.mzML,P,116.1,664.5771,119297783.3,C,10D
C_4_10D.mzML,S,106.0531642,878.94318,244237062.7,C,10D
C_4_10D.mzML,T,120.1,763.84278,126089721.1,C,10D
C_4_10D.mzML,Y,182.1,701.7486,38966766.12,C,10D
C_4_10D.mzML,V,118.1,664.04232,1275212741,C,10D
C_4_20D.mzML,A,90.1,673.45224,110483563.6,C,20D
C_4_20D.mzML,R,175.1,674.52186,83434500.78,C,20D
C_4_20D.mzML,D,134,962.95362,29824373.5,C,20D
C_4_20D.mzML,Cystine,241,664.09248,14885.10433,C,20D
C_4_20D.mzML,E,148.1,824.29554,302931743.3,C,20D
C_4_20D.mzML,G,76,764.91012,49279031.3,C,20D
C_4_20D.mzML,H,156.1,724.797,202504117.5,C,20D
C_4_20D.mzML,I/L,132.1,825.36522,54311828.59,C,20D
C_4_20D.mzML,K,147.1,824.56296,2913935598,C,20D
C_4_20D.mzML,M,150.1,825.36522,20172380.32,C,20D
C_4_20D.mzML,F,166.1,661.41834,25994082.06,C,20D
C_4_20D.mzML,P,116.1,660.3486,121759486,C,20D
C_4_20D.mzML,S,106.051183,879.99186,156738081.8,C,20D
C_4_20D.mzML,T,120.1,769.1889,337472123.2,C,20D
C_4_20D.mzML,Y,182.1,705.00786,33623122.08,C,20D
C_4_20D.mzML,V,118.1,663.02286,3378553913,C,20D
S12_1_10D.mzML,A,90.1,675.22836,71434507.22,S5,10D
S12_1_10D.mzML,R,175.1,676.83288,35302588.97,S5,10D
S12_1_10D.mzML,D,134,950.27304,95392297.66,S5,10D
S12_1_10D.mzML,Cystine,241,660.52026,11527.40358,S5,10D
S12_1_10D.mzML,E,148.1,848.92062,464491402.7,S5,10D
S12_1_10D.mzML,G,76,759.2502,36421792.93,S5,10D
S12_1_10D.mzML,H,156.1,728.76414,204066920.5,S5,10D
S12_1_10D.mzML,I/L,132.1,821.57568,46900744.09,S5,10D
S12_1_10D.mzML,K,147.1,821.57568,2439068901,S5,10D
S12_1_10D.mzML,M,150.1,850.2576,21739978.84,S5,10D
S12_1_10D.mzML,F,166.1,665.8686,28323554.82,S5,10D
S12_1_10D.mzML,P,116.1,665.60124,117682011,S5,10D
S12_1_10D.mzML,S,106.0533527,878.60424,228563038.8,S5,10D
S12_1_10D.mzML,T,120.1,763.79628,127921261.6,S5,10D
S12_1_10D.mzML,Y,182.1,702.02202,35386775.73,S5,10D
S12_1_10D.mzML,V,118.1,665.60124,1235270549,S5,10D
S12_1_20D.mzML,A,90.1,671.874,55169563.67,S5,20D
S12_1_20D.mzML,R,175.1,746.7519,72601945.27,S5,20D
S12_1_20D.mzML,D,134,955.27476,54555853.15,S5,20D
S12_1_20D.mzML,Cystine,241,746.7519,15263.17286,S5,20D
S12_1_20D.mzML,E,148.1,810.96246,236833058,S5,20D
S12_1_20D.mzML,G,76,752.1003,28194537.02,S5,20D
S12_1_20D.mzML,H,156.1,769.75002,185490759.7,S5,20D
S12_1_20D.mzML,I/L,132.1,811.4973,34195223.34,S5,20D
S12_1_20D.mzML,K,147.1,811.4973,2824445224,S5,20D
S12_1_20D.mzML,M,150.1,809.61402,13829195.66,S5,20D
S12_1_20D.mzML,F,166.1,839.10846,25305813.2,S5,20D
S12_1_20D.mzML,P,116.1,661.1772,187153183.3,S5,20D
S12_1_20D.mzML,S,106.0525203,865.5831,119293285.9,S5,20D
S12_1_20D.mzML,T,120.1,756.11166,138715526.3,S5,20D
S12_1_20D.mzML,Y,182.1,701.82516,45744177.15,S5,20D
S12_1_20D.mzML,V,118.1,662.24688,1162147777,S5,20D
S12_2_10D.mzML,A,90.1,675.48834,64018648.78,S5,10D
S12_2_10D.mzML,R,175.1,677.36022,48441147.58,S5,10D
S12_2_10D.mzML,D,134,950.0412,79068307.92,S5,10D
S12_2_10D.mzML,Cystine,241,707.04396,14512.63827,S5,10D
S12_2_10D.mzML,E,148.1,848.68866,432095177.3,S5,10D
S12_2_10D.mzML,G,76,758.92362,39342736.61,S5,10D
S12_2_10D.mzML,H,156.1,731.11188,211364433.4,S5,10D
S12_2_10D.mzML,I/L,132.1,820.233,46266297.99,S5,10D
S12_2_10D.mzML,K,147.1,821.8539,2631218647,S5,10D
S12_2_10D.mzML,M,150.1,846.28176,23573277.96,S5,10D
S12_2_10D.mzML,F,166.1,663.18696,30429001.63,S5,10D
S12_2_10D.mzML,P,116.1,671.47698,119765663.6,S5,10D
S12_2_10D.mzML,S,106.0532204,877.57002,238219476.7,S5,10D
S12_2_10D.mzML,T,120.1,762.6675,130471557.1,S5,10D
S12_2_10D.mzML,Y,182.1,702.23034,38673190.58,S5,10D
S12_2_10D.mzML,V,118.1,663.45432,1292032676,S5,10D
S12_2_20D.mzML,A,90.1,673.45722,61067224.57,S5,20D
S12_2_20D.mzML,R,175.1,673.72458,82979003.45,S5,20D
S12_2_20D.mzML,D,134,961.34424,47443506.18,S5,20D
S12_2_20D.mzML,Cystine,241,829.15818,8567.364139,S5,20D
S12_2_20D.mzML,E,148.1,811.19664,260677303.2,S5,20D
S12_2_20D.mzML,G,76,752.88126,38841471.85,S5,20D
S12_2_20D.mzML,H,156.1,764.91516,178735694.4,S5,20D
S12_2_20D.mzML,I/L,132.1,810.12696,34693371.78,S5,20D
S12_2_20D.mzML,K,147.1,811.19664,2808184889,S5,20D
S12_2_20D.mzML,M,150.1,830.78682,12795056.61,S5,20D
S12_2_20D.mzML,F,166.1,810.6618,24312202.78,S5,20D
S12_2_20D.mzML,P,116.1,686.56086,186307015.4,S5,20D
S12_2_20D.mzML,S,106.0500399,865.28406,172519641.4,S5,20D
S12_2_20D.mzML,T,120.1,755.5554,93868367.81,S5,20D
S12_2_20D.mzML,Y,182.1,702.60612,36044565.73,S5,20D
S12_2_20D.mzML,V,118.1,660.08622,1026400084,S5,20D
S12_3_10D.mzML,A,90.1,675.87126,83764121.86,S5,10D
S12_3_10D.mzML,R,175.1,675.87126,51654542.99,S5,10D
S12_3_10D.mzML,D,134,959.20464,81194589.36,S5,10D
S12_3_10D.mzML,Cystine,241,712.50804,86530.89182,S5,10D
S12_3_10D.mzML,E,148.1,848.7096,515110384.7,S5,10D
S12_3_10D.mzML,G,76,757.43472,43709614.81,S5,10D
S12_3_10D.mzML,H,156.1,819.49398,202197636.6,S5,10D
S12_3_10D.mzML,I/L,132.1,821.09844,54209713.56,S5,10D
S12_3_10D.mzML,K,147.1,821.9007,3115061732,S5,10D
S12_3_10D.mzML,M,150.1,849.77934,20878643.1,S5,10D
S12_3_10D.mzML,F,166.1,672.39492,26384987,S5,10D
S12_3_10D.mzML,P,116.1,681.48714,129288522.5,S5,10D
S12_3_10D.mzML,S,106.0476451,878.17608,294938736.4,S5,10D
S12_3_10D.mzML,T,120.1,1068.84732,2145865528,S5,10D
S12_3_10D.mzML,Y,182.1,700.47402,33433920.91,S5,10D
S12_3_10D.mzML,V,118.1,666.77904,4443212492,S5,10D
S12_3_20D.mzML,A,90.1,673.97502,109599789.3,S5,20D
S12_3_20D.mzML,R,175.1,676.64916,108583999.6,S5,20D
S12_3_20D.mzML,D,134,954.6228,70557794.59,S5,20D
S12_3_20D.mzML,Cystine,241,813.56874,8374.353293,S5,20D
S12_3_20D.mzML,E,148.1,825.06786,384582460.9,S5,20D
S12_3_20D.mzML,G,76,763.5609,70056889.66,S5,20D
S12_3_20D.mzML,H,156.1,825.60258,207567691.8,S5,20D
S12_3_20D.mzML,I/L,132.1,825.06786,56505455.58,S5,20D
S12_3_20D.mzML,K,147.1,825.06786,4182429154,S5,20D
S12_3_20D.mzML,M,150.1,825.06786,19785554.15,S5,20D
S12_3_20D.mzML,F,166.1,854.5539,27508066.19,S5,20D
S12_3_20D.mzML,P,116.1,668.6265,116693786.3,S5,20D
S12_3_20D.mzML,S,106.0501342,881.34948,268181662.9,S5,20D
S12_3_20D.mzML,T,120.1,765.70032,246136270.2,S5,20D
S12_3_20D.mzML,Y,182.1,702.85644,35059834.9,S5,20D
S12_3_20D.mzML,V,118.1,824.80032,1688123652,S5,20D
S12_4_10D.mzML,A,90.1,674.69568,77620027.26,S5,10D
S12_4_10D.mzML,R,175.1,676.56774,42706697.16,S5,10D
S12_4_10D.mzML,D,134,952.1502,88930306.88,S5,10D
S12_4_10D.mzML,Cystine,241,699.56586,5770.467884,S5,10D
S12_4_10D.mzML,E,148.1,848.3394,420072389.7,S5,10D
S12_4_10D.mzML,G,76,758.3985,41015725.17,S5,10D
S12_4_10D.mzML,H,156.1,672.82386,201300185.1,S5,10D
S12_4_10D.mzML,I/L,132.1,818.31894,49501639.86,S5,10D
S12_4_10D.mzML,K,147.1,821.2605,2835824118,S5,10D
S12_4_10D.mzML,M,150.1,847.8045,21035679.98,S5,10D
S12_4_10D.mzML,F,166.1,669.07986,27759578.88,S5,10D
S12_4_10D.mzML,P,116.1,664.26636,118903255.8,S5,10D
S12_4_10D.mzML,S,106.0537395,878.07456,259029932.7,S5,10D
S12_4_10D.mzML,T,120.1,762.67722,139259188.5,S5,10D
S12_4_10D.mzML,Y,182.1,700.90296,35693319.92,S5,10D
S12_4_10D.mzML,V,118.1,662.9292,1274950790,S5,10D
S12_4_20D.mzML,A,90.1,673.9071,147259122.5,S5,20D
S12_4_20D.mzML,R,175.1,675.7791,112387847.5,S5,20D
S12_4_20D.mzML,D,134,958.61436,68355766.51,S5,20D
S12_4_20D.mzML,Cystine,241,819.66966,23487.62174,S5,20D
S12_4_20D.mzML,E,148.1,822.87864,421273936.2,S5,20D
S12_4_20D.mzML,G,76,761.88864,85065364.68,S5,20D
S12_4_20D.mzML,H,156.1,662.67546,205017703.6,S5,20D
S12_4_20D.mzML,I/L,132.1,822.87864,62312981.42,S5,20D
S12_4_20D.mzML,K,147.1,824.75064,5008227053,S5,20D
S12_4_20D.mzML,M,150.1,822.87864,20678572.48,S5,20D
S12_4_20D.mzML,F,166.1,853.69854,28276150.75,S5,20D
S12_4_20D.mzML,P,116.1,676.5813,124600727.2,S5,20D
S12_4_20D.mzML,S,106.048925,880.1733,266449413.5,S5,20D
S12_4_20D.mzML,T,120.1,766.70226,648450921.3,S5,20D
S12_4_20D.mzML,Y,182.1,701.98638,41577131.49,S5,20D
S12_4_20D.mzML,V,118.1,667.75644,6277366499,S5,20D
S1_1_10D.mzML,A,90.1,675.33198,72747556.98,S1,10D
S1_1_10D.mzML,R,175.1,678.00624,34781716.63,S1,10D
S1_1_10D.mzML,D,134,952.26798,108553706.2,S1,10D
S1_1_10D.mzML,Cystine,241,679.61076,9909.207452,S1,10D
S1_1_10D.mzML,E,148.1,849.25218,443188930.7,S1,10D
S1_1_10D.mzML,G,76,758.76738,60004619.17,S1,10D
S1_1_10D.mzML,H,156.1,728.54874,205562820.2,S1,10D
S1_1_10D.mzML,I/L,132.1,821.09904,51325397.69,S1,10D
S1_1_10D.mzML,K,147.1,822.16878,3876526476,S1,10D
S1_1_10D.mzML,M,150.1,851.12406,22079013.52,S1,10D
S1_1_10D.mzML,F,166.1,664.10034,30120981.76,S1,10D
S1_1_10D.mzML,P,116.1,669.18138,119899766.9,S1,10D
S1_1_10D.mzML,S,106.0522447,879.20334,312536707.8,S1,10D
S1_1_10D.mzML,T,120.1,763.58088,151313636.4,S1,10D
S1_1_10D.mzML,Y,182.1,702.0741,42310964.61,S1,10D
S1_1_10D.mzML,V,118.1,664.63524,1284027956,S1,10D
S1_1_20D.mzML,A,90.1,675.11244,73847794.08,S1,20D
S1_1_20D.mzML,R,175.1,676.98444,60517976.04,S1,20D
S1_1_20D.mzML,D,134,953.87646,53626989.08,S1,20D
S1_1_20D.mzML,Cystine,241,852.25656,19119.58388,S1,20D
S1_1_20D.mzML,E,148.1,823.5564,243333243.3,S1,20D
S1_1_20D.mzML,G,76,763.3866,35693738.88,S1,20D
S1_1_20D.mzML,H,156.1,675.11244,206379243.7,S1,20D
S1_1_20D.mzML,I/L,132.1,823.82376,50638824.59,S1,20D
S1_1_20D.mzML,K,147.1,823.5564,2407877071,S1,20D
S1_1_20D.mzML,M,150.1,668.13468,19576796.05,S1,20D
S1_1_20D.mzML,F,166.1,661.98408,26848156.89,S1,20D
S1_1_20D.mzML,P,116.1,664.65816,116545492.4,S1,20D
S1_1_20D.mzML,S,106.0531946,880.6032,127258077.3,S1,20D
S1_1_20D.mzML,T,120.1,767.93274,193563635,S1,20D
S1_1_20D.mzML,Y,182.1,705.35634,33837578.54,S1,20D
S1_1_20D.mzML,V,118.1,668.13468,1545876336,S1,20D
S1_2_10D.mzML,A,90.1,675.36696,103959399.4,S1,10D
S1_2_10D.mzML,R,175.1,677.77368,44969317.25,S1,10D
S1_2_10D.mzML,D,134,953.67408,71982907.82,S1,10D
S1_2_10D.mzML,Cystine,241,826.53216,28363.13114,S1,10D
S1_2_10D.mzML,E,148.1,849.59706,460631280.8,S1,10D
S1_2_10D.mzML,G,76,758.32152,58938961.02,S1,10D
S1_2_10D.mzML,H,156.1,733.69098,212387998.2,S1,10D
S1_2_10D.mzML,I/L,132.1,821.98602,52935750.2,S1,10D
S1_2_10D.mzML,K,147.1,822.52092,4387931748,S1,10D
S1_2_10D.mzML,M,150.1,849.86442,25507003.58,S1,10D
S1_2_10D.mzML,F,166.1,669.48366,33002208.92,S1,10D
S1_2_10D.mzML,P,116.1,664.93758,126163263.4,S1,10D
S1_2_10D.mzML,S,106.0500619,880.4007,276994622.9,S1,10D
S1_2_10D.mzML,T,120.1,762.60024,191418016.1,S1,10D
S1_2_10D.mzML,Y,182.1,702.10908,51659380,S1,10D
S1_2_10D.mzML,V,118.1,667.07694,1436459154,S1,10D
S1_2_20D.mzML,A,90.1,674.81592,119863222.3,S1,20D
S1_2_20D.mzML,R,175.1,756.3792,237021098.7,S1,20D
S1_2_20D.mzML,D,134,949.6503,82900856.45,S1,20D
S1_2_20D.mzML,Cystine,241,836.1126,15133.68053,S1,20D
S1_2_20D.mzML,E,148.1,825.90858,453235240,S1,20D
S1_2_20D.mzML,G,76,761.99508,69119684.3,S1,20D
S1_2_20D.mzML,H,156.1,826.71096,202520559,S1,20D
S1_2_20D.mzML,I/L,132.1,823.76922,57035380.46,S1,20D
S1_2_20D.mzML,K,147.1,825.37386,5011241804,S1,20D
S1_2_20D.mzML,M,150.1,823.2345,21550085.48,S1,20D
S1_2_20D.mzML,F,166.1,852.20448,28682345.69,S1,20D
S1_2_20D.mzML,P,116.1,678.5598,118972039.8,S1,20D
S1_2_20D.mzML,S,106.0526596,880.09098,221239812.3,S1,20D
S1_2_20D.mzML,T,120.1,765.47154,138667953.6,S1,20D
S1_2_20D.mzML,Y,182.1,703.16244,36561211.96,S1,20D
S1_2_20D.mzML,V,118.1,824.30406,1260215597,S1,20D
S1_3_10D.mzML,A,90.1,675.71976,175235123.8,S1,10D
S1_3_10D.mzML,R,175.1,677.32428,37140731.5,S1,10D
S1_3_10D.mzML,D,134,951.81924,108783406.5,S1,10D
S1_3_10D.mzML,Cystine,241,858.70422,16951.92531,S1,10D
S1_3_10D.mzML,E,148.1,825.20808,659366393.5,S1,10D
S1_3_10D.mzML,G,76,757.55052,78940575.53,S1,10D
S1_3_10D.mzML,H,156.1,825.20808,199049567.2,S1,10D
S1_3_10D.mzML,I/L,132.1,825.20808,66707815.06,S1,10D
S1_3_10D.mzML,K,147.1,825.20808,7632525304,S1,10D
S1_3_10D.mzML,M,150.1,851.48382,21096149.9,S1,10D
S1_3_10D.mzML,F,166.1,859.23912,30764123.01,S1,10D
S1_3_10D.mzML,P,116.1,666.62748,120359784.4,S1,10D
S1_3_10D.mzML,S,106.05231,882.28974,388891520.9,S1,10D
S1_3_10D.mzML,T,120.1,761.8293,211901748.2,S1,10D
S1_3_10D.mzML,Y,182.1,701.12478,57574478.48,S1,10D
S1_3_10D.mzML,V,118.1,664.75548,1345150891,S1,10D
S1_3_20D.mzML,A,90.1,673.73928,94586584.7,S1,20D
S1_3_20D.mzML,R,175.1,674.00676,156361851.3,S1,20D
S1_3_20D.mzML,D,134,960.08016,63595904.61,S1,20D
S1_3_20D.mzML,Cystine,241,851.95428,10707.50781,S1,20D
S1_3_20D.mzML,E,148.1,824.31396,347493229.5,S1,20D
S1_3_20D.mzML,G,76,764.39496,57363699.06,S1,20D
S1_3_20D.mzML,H,156.1,823.51176,200012769.8,S1,20D
S1_3_20D.mzML,I/L,132.1,823.51176,54508814.07,S1,20D
S1_3_20D.mzML,K,147.1,824.31396,3359981784,S1,20D
S1_3_20D.mzML,M,150.1,823.24422,20193254,S1,20D
S1_3_20D.mzML,F,166.1,852.48912,26463476.6,S1,20D
S1_3_20D.mzML,P,116.1,660.90318,122027745.9,S1,20D
S1_3_20D.mzML,S,106.0518498,880.06104,184587283.5,S1,20D
S1_3_20D.mzML,T,120.1,768.67374,301247893.7,S1,20D
S1_3_20D.mzML,Y,182.1,704.4927,35225304.09,S1,20D
S1_3_20D.mzML,V,118.1,663.8448,2870225250,S1,20D
S1_4_10D.mzML,A,90.1,676.45344,138036710.1,S1,10D
S1_4_10D.mzML,R,175.1,678.86022,63558406.44,S1,10D
S1_4_10D.mzML,D,134,952.87674,128288041.5,S1,10D
S1_4_10D.mzML,Cystine,241,841.02606,29014.7291,S1,10D
S1_4_10D.mzML,E,148.1,850.14,711840965.5,S1,10D
S1_4_10D.mzML,G,76,758.0685,92011296.69,S1,10D
S1_4_10D.mzML,H,156.1,721.1127,211715576.7,S1,10D
S1_4_10D.mzML,I/L,132.1,822.26592,60551350.78,S1,10D
S1_4_10D.mzML,K,147.1,824.67264,6489527922,S1,10D
S1_4_10D.mzML,M,150.1,849.60516,26919910.53,S1,10D
S1_4_10D.mzML,F,166.1,665.48922,34548931.2,S1,10D
S1_4_10D.mzML,P,116.1,666.8262,128004367.3,S1,10D
S1_4_10D.mzML,S,106.0495289,881.4753,384767704.8,S1,10D
S1_4_10D.mzML,T,120.1,761.54502,241944613.2,S1,10D
S1_4_10D.mzML,Y,182.1,702.39324,53673178.1,S1,10D
S1_4_10D.mzML,V,118.1,666.29142,1510686454,S1,10D
S1_4_20D.mzML,A,90.1,672.40926,78773401.99,S1,20D
S1_4_20D.mzML,R,175.1,675.08352,53644634.37,S1,20D
S1_4_20D.mzML,D,134,952.2357,44153230.07,S1,20D
S1_4_20D.mzML,Cystine,241,828.61434,9889.340108,S1,20D
S1_4_20D.mzML,E,148.1,826.2075,212407777.7,S1,20D
S1_4_20D.mzML,G,76,764.4021,44411408.67,S1,20D
S1_4_20D.mzML,H,156.1,720.54504,218493899.5,S1,20D
S1_4_20D.mzML,I/L,132.1,822.98562,48997759.69,S1,20D
S1_4_20D.mzML,K,147.1,825.12498,2335101448,S1,20D
S1_4_20D.mzML,M,150.1,827.81208,21121965.65,S1,20D
S1_4_20D.mzML,F,166.1,665.18892,29175071.9,S1,20D
S1_4_20D.mzML,P,116.1,665.72376,119033363.1,S1,20D
S1_4_20D.mzML,S,106.0541421,879.4971,150935809.8,S1,20D
S1_4_20D.mzML,T,120.1,769.75044,196692802.6,S1,20D
S1_4_20D.mzML,Y,182.1,704.49978,37142562.07,S1,20D
S1_4_20D.mzML,V,118.1,663.5844,1545836738,S1,20D
S2_1_10D.mzML,A,90.1,675.0921,105511807.4,S2,10D
S2_1_10D.mzML,R,175.1,678.83598,28292443.99,S2,10D
S2_1_10D.mzML,D,134,953.35212,109662636,S2,10D
S2_1_10D.mzML,Cystine,241,663.3255,13037.58762,S2,10D
S2_1_10D.mzML,E,148.1,849.00486,567047667.6,S2,10D
S2_1_10D.mzML,G,76,759.06216,57548070.63,S2,10D
S2_1_10D.mzML,H,156.1,730.98306,202925828.1,S2,10D
S2_1_10D.mzML,I/L,132.1,822.70842,50393951.58,S2,10D
S2_1_10D.mzML,K,147.1,822.17358,3382040375,S2,10D
S2_1_10D.mzML,M,150.1,848.46996,22154913.3,S2,10D
S2_1_10D.mzML,F,166.1,665.46486,29302607.18,S2,10D
S2_1_10D.mzML,P,116.1,667.33686,118938616.4,S2,10D
S2_1_10D.mzML,S,106.0530502,879.81132,317876180.9,S2,10D
S2_1_10D.mzML,T,120.1,763.87578,145847978.7,S2,10D
S2_1_10D.mzML,Y,182.1,701.83416,38321103.67,S2,10D
S2_1_10D.mzML,V,118.1,666.26712,1253796845,S2,10D
S2_1_20D.mzML,A,90.1,672.98082,77579205.49,S2,20D
S2_1_20D.mzML,R,175.1,674.8527,67954328.13,S2,20D
S2_1_20D.mzML,D,134,954.70008,47050774.77,S2,20D
S2_1_20D.mzML,Cystine,241,827.55012,20463.8794,S2,20D
S2_1_20D.mzML,E,148.1,824.87592,304366744.3,S2,20D
S2_1_20D.mzML,G,76,764.43876,61680736.18,S2,20D
S2_1_20D.mzML,H,156.1,720.84918,207726996.6,S2,20D
S2_1_20D.mzML,I/L,132.1,825.41076,54955791.44,S2,20D
S2_1_20D.mzML,K,147.1,825.14322,3478611073,S2,20D
S2_1_20D.mzML,M,150.1,822.46914,19840055.85,S2,20D
S2_1_20D.mzML,F,166.1,660.67944,26606128.16,S2,20D
S2_1_20D.mzML,P,116.1,674.31792,118005287.7,S2,20D
S2_1_20D.mzML,S,106.0477238,879.8223,141136176.5,S2,20D
S2_1_20D.mzML,T,120.1,767.64786,262912041.5,S2,20D
S2_1_20D.mzML,Y,182.1,704.00166,32925694.2,S2,20D
S2_1_20D.mzML,V,118.1,667.36494,1872838407,S2,20D
S2_2_10D.mzML,A,90.1,674.54418,86745671.3,S2,10D
S2_2_10D.mzML,R,175.1,676.1487,29166642.55,S2,10D
S2_2_10D.mzML,D,134,954.46806,108748675.2,S2,10D
S2_2_10D.mzML,Cystine,241,666.52158,4678.658402,S2,10D
S2_2_10D.mzML,E,148.1,849.79578,590766175.5,S2,10D
S2_2_10D.mzML,G,76,758.78172,70270028.55,S2,10D
S2_2_10D.mzML,H,156.1,660.9057,203795580.7,S2,10D
S2_2_10D.mzML,I/L,132.1,820.8234,55827661.88,S2,10D
S2_2_10D.mzML,K,147.1,821.62566,3707521018,S2,10D
S2_2_10D.mzML,M,150.1,849.79578,21458726.15,S2,10D
S2_2_10D.mzML,F,166.1,852.20268,28494538.2,S2,10D
S2_2_10D.mzML,P,116.1,666.25404,120478824.7,S2,10D
S2_2_10D.mzML,S,106.0478234,879.26364,334977482,S2,10D
S2_2_10D.mzML,T,120.1,763.32786,385079648.1,S2,10D
S2_2_10D.mzML,Y,182.1,700.75146,35998691.17,S2,10D
S2_2_10D.mzML,V,118.1,666.25404,2339690654,S2,10D
S2_2_20D.mzML,A,90.1,672.05838,59711276.55,S2,20D
S2_2_20D.mzML,R,175.1,760.84206,84996035.15,S2,20D
S2_2_20D.mzML,D,134,952.99254,35875092.72,S2,20D
S2_2_20D.mzML,Cystine,241,828.03594,18028.93003,S2,20D
S2_2_20D.mzML,E,148.1,826.43148,202545565.9,S2,20D
S2_2_20D.mzML,G,76,765.3882,33169856.5,S2,20D
S2_2_20D.mzML,H,156.1,670.4538,216545634.6,S2,20D
S2_2_20D.mzML,I/L,132.1,825.61224,45622020.48,S2,20D
S2_2_20D.mzML,K,147.1,826.16412,2240045084,S2,20D
S2_2_20D.mzML,M,150.1,826.43148,22244400.15,S2,20D
S2_2_20D.mzML,F,166.1,668.84928,29817286.51,S2,20D
S2_2_20D.mzML,P,116.1,668.84928,117029175.5,S2,20D
S2_2_20D.mzML,S,106.0538731,881.32374,111886082,S2,20D
S2_2_20D.mzML,T,120.1,769.66692,101946627.5,S2,20D
S2_2_20D.mzML,Y,182.1,705.75342,36135793.86,S2,20D
S2_2_20D.mzML,V,118.1,823.47282,1233993571,S2,20D
S2_3_10D.mzML,A,90.1,675.36546,126707084,S2,10D
S2_3_10D.mzML,R,175.1,675.63282,49409539.67,S2,10D
S2_3_10D.mzML,D,134,958.6128,126927947.4,S2,10D
S2_3_10D.mzML,Cystine,241,668.41242,20453.99894,S2,10D
S2_3_10D.mzML,E,148.1,849.0039,804285107.1,S2,10D
S2_3_10D.mzML,G,76,756.39396,84199960.45,S2,10D
S2_3_10D.mzML,H,156.1,817.64742,199995090.8,S2,10D
S2_3_10D.mzML,I/L,132.1,821.92614,62990707.5,S2,10D
S2_3_10D.mzML,K,147.1,822.7284,5850440432,S2,10D
S2_3_10D.mzML,M,150.1,849.5388,22691548.65,S2,10D
S2_3_10D.mzML,F,166.1,851.6985,28253764.09,S2,10D
S2_3_10D.mzML,P,116.1,666.80796,122419248.8,S2,10D
S2_3_10D.mzML,S,106.0492558,879.3144,495674579.4,S2,10D
S2_3_10D.mzML,T,120.1,760.9401,475135717.6,S2,10D
S2_3_10D.mzML,Y,182.1,700.23558,39435294.26,S2,10D
S2_3_10D.mzML,V,118.1,668.41242,4409430933,S2,10D
S2_3_20D.mzML,A,90.1,673.5501,76495006.76,S2,20D
S2_3_20D.mzML,R,175.1,676.49178,54627881.03,S2,20D
S2_3_20D.mzML,D,134,949.40778,59589911.86,S2,20D
S2_3_20D.mzML,Cystine,241,704.83836,8870.264858,S2,20D
S2_3_20D.mzML,E,148.1,825.4632,246400275,S2,20D
S2_3_20D.mzML,G,76,765.8103,56001801.84,S2,20D
S2_3_20D.mzML,H,156.1,674.08488,202752397.1,S2,20D
S2_3_20D.mzML,I/L,132.1,826.8003,50576901.68,S2,20D
S2_3_20D.mzML,K,147.1,825.4632,2777643314,S2,20D
S2_3_20D.mzML,M,150.1,823.59132,20567739.79,S2,20D
S2_3_20D.mzML,F,166.1,663.92286,27328700.14,S2,20D
S2_3_20D.mzML,P,116.1,666.86448,118901811.4,S2,20D
S2_3_20D.mzML,S,106.052496,879.61098,136995940.7,S2,20D
S2_3_20D.mzML,T,120.1,769.01928,127388084,S2,20D
S2_3_20D.mzML,Y,182.1,704.83836,34806948.36,S2,20D
S2_3_20D.mzML,V,118.1,663.38814,1264185924,S2,20D
S2_4_10D.mzML,A,90.1,674.6706,108315747.7,S2,10D
S2_4_10D.mzML,R,175.1,676.80984,41681075.9,S2,10D
S2_4_10D.mzML,D,134,951.10122,154853669.7,S2,10D
S2_4_10D.mzML,Cystine,241,661.03206,12836.4462,S2,10D
S2_4_10D.mzML,E,148.1,849.93504,681834758.8,S2,10D
S2_4_10D.mzML,G,76,753.29226,73104554.57,S2,10D
S2_4_10D.mzML,H,156.1,733.77048,199286247.9,S2,10D
S2_4_10D.mzML,I/L,132.1,819.8958,55701480.62,S2,10D
S2_4_10D.mzML,K,147.1,821.76768,5029334429,S2,10D
S2_4_10D.mzML,M,150.1,848.06304,22343305.03,S2,10D
S2_4_10D.mzML,F,166.1,854.48118,30379113.64,S2,10D
S2_4_10D.mzML,P,116.1,666.64794,119501435.5,S2,10D
S2_4_10D.mzML,S,106.0527559,879.1353,436983253.1,S2,10D
S2_4_10D.mzML,T,120.1,759.1755,164717861.7,S2,10D
S2_4_10D.mzML,Y,182.1,698.73846,42261658.42,S2,10D
S2_4_10D.mzML,V,118.1,821.76768,1278905192,S2,10D
S2_4_20D.mzML,A,90.1,675.44256,104081706.5,S2,20D
S2_4_20D.mzML,R,175.1,756.7386,197551079.6,S2,20D
S2_4_20D.mzML,D,134,952.59432,57966396.6,S2,20D
S2_4_20D.mzML,Cystine,241,827.62212,27853.55979,S2,20D
S2_4_20D.mzML,E,148.1,826.0176,350640609.2,S2,20D
S2_4_20D.mzML,G,76,762.8892,55373134.72,S2,20D
S2_4_20D.mzML,H,156.1,721.70646,214548692.6,S2,20D
S2_4_20D.mzML,I/L,132.1,825.75024,51835902.41,S2,20D
S2_4_20D.mzML,K,147.1,826.0176,4073407835,S2,20D
S2_4_20D.mzML,M,150.1,823.34352,24525210.89,S2,20D
S2_4_20D.mzML,F,166.1,852.57888,32352992.23,S2,20D
S2_4_20D.mzML,P,116.1,668.4897,123668995.9,S2,20D
S2_4_20D.mzML,S,106.0513981,881.46036,189410896.6,S2,20D
S2_4_20D.mzML,T,120.1,766.63308,159363841.5,S2,20D
S2_4_20D.mzML,Y,182.1,703.7892,43547608.79,S2,20D
S2_4_20D.mzML,V,118.1,663.40866,1387624361,S2,20D
